{"27": [11.609086070999979, 11.505139927000016, 11.611483066000005, 11.543202516999997, 11.563072578999993, 11.679374633999998, 11.514479987000016, 11.625993834000042, 11.559953570000062, 11.584334290000015], "26": [9.179763428000001, 9.097032769000009, 9.24878703500002, 9.303356033, 9.301673580999989, 9.386373515999992, 9.151023867000049, 9.674213873999975, 9.130867456999965, 9.082399238999983], "11": [0.08537572999999554, 0.08363635799999258, 0.08335395399998902, 0.08304707300000302, 0.08306472600000347, 0.08792075599998839, 0.09084416000000317, 0.08355279499998858, 0.10844851999999605, 0.10299398999998743], "2": [0.0106627589999988, 0.010576528000001417, 0.010621710999998868, 0.010587508000000412, 0.010609015, 0.010520312000011245, 0.01058894799999166, 0.010597766000003617, 0.010721080999999799, 0.010732538999988606], "10": [0.08063506399999198, 0.08025981200000842, 0.08343813599999805, 0.0816327639999912, 0.08084757100000672, 0.08038580699999898, 0.08793281500000205, 0.08041246199999819, 0.08531954000000042, 0.08130127600000492], "8": [0.07198863099999642, 0.08862496599999758, 0.07891832900000395, 0.07681267600000297, 0.06870184599999618, 0.06900032800000133, 0.06818139499999631, 0.06814273599999865, 0.06810613399998999, 0.0681066940000079], "22": [1.5679389200000173, 1.5503080999999952, 1.6384064179999882, 1.5636927679999815, 1.638556326000014, 1.5825952909999899, 1.5738224079999839, 1.5509616180000023, 1.5548015080000255, 1.5612230109999814], "15": [0.3248868990000062, 0.33426738, 0.3442765659999907, 0.31456142499999373, 0.33221660499998507, 0.3152971979999961, 0.31380935900000395, 0.3169844619999935, 0.33762447099999804, 0.33778929900000776], "0": [0.003673857999999086, 0.0038102040000040915, 0.0034982170000006363, 0.003399442999992175, 0.0034414969999971845, 0.0034881630000000996, 0.0034435980000040445, 0.003404236000008609, 0.0034047090000086655, 0.003342931000005933], "23": [2.4099139399999956, 2.8580655609999894, 2.456234760000001, 2.492124287000024, 2.5994027769999946, 2.876568037999988, 3.062626741999992, 3.1079591950000065, 2.7852558130000205, 2.613036533000013], "20": [0.880366414000008, 0.8625303929999859, 0.8570775860000026, 1.0056881670000166, 0.8655428040000004, 0.8329256589999829, 0.830282856999986, 0.827184721000009, 0.8536661970000239, 0.8282967799999881], "14": [0.2700783530000024, 0.268688673999975, 0.27519576500000653, 0.2862317869999913, 0.2762504120000244, 0.2833129139999926, 0.2787405260000071, 0.2707895130000111, 0.2676136569999983, 0.2699921529999756], "18": [0.782799644999983, 0.5927427919999957, 0.5849631469999963, 0.5961227349999945, 0.5869727760000103, 0.5922247139999968, 0.5904481139999973, 0.5953469190000078, 0.7662229219999972, 0.6056405709999808], "21": [1.019592622999994, 1.0188366169999767, 1.0142807999999945, 1.0173754660000043, 1.0218672759999947, 1.0155972780000013, 1.0184830119999901, 1.025972765000006, 1.0373181839999859, 1.0151130910000177], "7": [0.05149431799999604, 0.05159884600000453, 0.05146610399999929, 0.051649920999992105, 0.05174226799999815, 0.055934145999998464, 0.0525902499999944, 0.05175210299999833, 0.05140799100000493, 0.06123332800000014], "12": [0.10485414000000048, 0.10034111100000587, 0.09945923100001153, 0.09953486000000566, 0.10250705599999321, 0.10526614100000131, 0.10096146099999714, 0.09968468700000699, 0.10403089400000454, 0.10529856600000187], "19": [0.6130408420000037, 0.6236320010000043, 0.6241311480000036, 0.7031578399999887, 0.6076141730000018, 0.6025300849999837, 0.6368289099999913, 0.6313064290000057, 0.7630192640000075, 0.7297207690000107], "9": [0.0689812709999984, 0.07162729499999898, 0.06871504600000833, 0.07310611900000197, 0.06824620299998685, 0.0756468539999986, 0.06836351700000876, 0.06974151600000766, 0.06890668100000141, 0.06866577799999618], "6": [0.03770160000000544, 0.03742905800000074, 0.03754244299999243, 0.043043471000004274, 0.03798856700001352, 0.038128307999997446, 0.039892866000002414, 0.03753269300000284, 0.037406575999995084, 0.03763311800000224], "3": [0.013525196000003348, 0.013510889000002635, 0.01346925800000065, 0.013483379999996714, 0.015630736999995065, 0.013438827000001652, 0.013872108000001049, 0.013532167000008144, 0.013540504000005171, 0.013438419000010526], "24": [5.593302300000005, 5.637417835000008, 5.336395363000008, 6.397997959999998, 6.544513241000004, 7.028083998, 5.667455202000042, 5.596555556999988, 5.284582241999999, 5.347941477000006], "25": [5.822494297000048, 6.015411481000001, 5.990338950000023, 5.771692712999993, 5.803065379999964, 5.743326270000011, 5.730664891999993, 5.72222543099997, 5.811213209000016, 5.7973977659999605], "30": [54.76639769999997, 54.6279154089998, 54.893346930999996, 54.30771470700006, 54.966647089999924, 54.413331853000045, 54.610767503000034, 54.46440171699987, 54.393170072999965, 54.55573520400003], "16": [0.7254957910000144, 0.5889612289999775, 0.5853304430000037, 0.5924522770000067, 0.6764827330000003, 0.5727185890000044, 0.6057903950000139, 0.6077364049999971, 0.6054411949999974, 0.621912516000009], "4": [0.015342699000001403, 0.015212138000009645, 0.015147221999995963, 0.015332912000005194, 0.015176397000004727, 0.015360164000000509, 0.015254722000008769, 0.01789988099999107, 0.018759935000005612, 0.01573425799999484], "29": [32.615411377999976, 32.65654154599997, 32.64681799599998, 32.81121949599992, 32.92501423200008, 32.69923496999991, 32.803244185999915, 32.95026619400005, 32.73793812600002, 32.90362889599987], "28": [19.318159014000003, 19.284516155000006, 19.25058518900005, 19.478826158999937, 19.313830328999984, 19.44731957299996, 19.47475934199997, 19.380730501000016, 19.248588103999964, 19.609162762999972], "17": [0.5989842520000082, 0.6646421199999963, 0.6269887159999996, 0.7994481220000011, 0.6991757449999909, 0.6071449479999842, 0.6045272300000022, 0.6081731310000009, 0.615793841999988, 0.5985208379999847], "1": [0.007530587999994509, 0.0072898420000058195, 0.0077408850000040275, 0.007430604000006724, 0.008191128000007097, 0.008493455999996513, 0.0074455940000035525, 0.007461125000006064, 0.007477402999995775, 0.007518994000008661], "31": [103.00073939200001, 104.31570288700004, 104.40350003800017, 104.8664399820002, 107.56013154700008, 118.65191485000014, 100.53188461899981, 100.97659265900029, 100.65282905999993, 100.48207184300009], "13": [0.2003654469999958, 0.1928200840000045, 0.19114869599999906, 0.19773608700000977, 0.19795934299999374, 0.1941276510000023, 0.19698128399998893, 0.192907083999998, 0.19346430400000258, 0.21388179799998852], "5": [0.032516580000006456, 0.0338895339999965, 0.032617684000001645, 0.03362116099999923, 0.04212829400000828, 0.03204514300000483, 0.03687884599999336, 0.032072889999994914, 0.03189535500000318, 0.033279872999997906]}
